{"cameraMode":{"drawMode":0,"name":"Shaded","section":"Shading Mode"},"sceneLighting":true,"audioPlay":false,"sceneViewState":{"m_AlwaysRefresh":false,"showFog":true,"showSkybox":true,"showFlares":true,"showImageEffects":true,"showParticleSystems":true,"showVisualEffectGraphs":true,"m_FxEnabled":true},"in2DMode":false,"pivot":{"x":-1.9457308053970338,"y":-2.4277443885803224,"z":-47.883148193359378},"rotation":{"x":0.0004463343066163361,"y":-0.9989941716194153,"z":0.04380200430750847,"w":0.01965675875544548},"size":25.277341842651368,"orthographic":false}